{
    "WRN_CIFAR10_28_10_Base_seed1": {
        "Train nll": 0.10310899595309254,
        "clean_accuracy": 0.9251999855041504,
        "ECE": 6.062109023332596,
        "MCE": 36.28459572792053,
        "nll": 0.5124250146459428,
        "brier": 0.01333459885709418,
        "SHIFT ECE": 20.059849321842194,
        "SHIFT MCE": 45.62256336212158,
        "SHIFT ACCURACY": 0.760192334651947,
        "SHIFT Intensity: 0": {
            "ECE": 11.020459349338825,
            "MCE": 42.79120541535891
        },
        "SHIFT Intensity: 1": {
            "ECE": 13.859995683798424,
            "MCE": 38.628084842975326
        },
        "SHIFT Intensity: 2": {
            "ECE": 17.405149799126846,
            "MCE": 50.73210597038269
        },
        "SHIFT Intensity: 3": {
            "ECE": 23.849392796938236,
            "MCE": 44.31891876917619
        },
        "SHIFT Intensity: 4": {
            "ECE": 34.09743160009384,
            "MCE": 51.454586249131424
        },
        "OOD AUROC": [
            0.8744080747668739
        ],
        "OOD FPR95": 0.7079817939609236
    }
}